https://www.allrecipes.com/recipe/247086/very-banana-y-whole-wheat-banana-bread/,\xc2\xbd cup lightly packed brown sugar,2 tablespoons olive oil,3 eggs,\xe2\x85\x93 cup unsweetened applesauce,1 teaspoon vnilla extract,1\xe2\x80\x89\xc2\xbe cups mashed bananas,1\xe2\x80\x89\xc2\xbe cups whole wheat flour,1 teaspoon baking soda,\xc2\xbd cup chopped walnuts
https://www.allrecipes.com/recipe/139626/banana-banana-strawberry-smoothie/,1 banana broken into chunks,1 teaspoon banana extract,\xc2\xbe cup milk,1 (8 ounce) container strawberry yogurt,2 teaspoons white sugara
https://www.allrecipes.com/recipe/25789/banana-bars/,\xc2\xbd cup shortening,1 cup white sugar,\xc2\xbd cup milk,1 teaspoon vanilla extract,1\xe2\x80\x89\xc2\xbd cups all-purpose flour,\xc2\xbd teaspoon baking soda,\xc2\xbd teaspoon salt,1 very ripe banana mashed,1 teaspoon lemon juice,\xc2\xbd cup chopped walnuts,2 tablespoons butter melted,1 teaspoon vanilla extract,2 cups confectioners\' sugar,\xc2\xbd ripe banana,\xc2\xbd teaspoon salt,\xc2\xbc teaspoon lemon juice
https://www.allrecipes.com/recipe/247086/very-banana-y-whole-wheat-banana-bread/,\xc2\xbd cup lightly packed brown sugar,2 tablespoons olive oil,3 eggs,\xe2\x85\x93 cup unsweetened applesauce,1 teaspoon vanilla extract,1\xe2\x80\x89\xc2\xbe cups mashed bananas,1\xe2\x80\x89\xc2\xbe cups whole wheat flour,1 teaspoon baking soda,\xc2\xbd cup chopped walnuts
https://www.allrecipes.com/recipe/139626/banana-banana-strawberry-smoothie/,1 banana broken into chunks,1 teaspoon banana extract,\xc2\xbe cup milk,1 (8 ounce) container strawberry yogurt,2 teaspoons white sugar
https://www.allrecipes.com/recipe/25789/banana-bars/,\xc2\xbd cup shortening,1 cup white sugar,\xc2\xbd cup milk,1 teaspoon vanilla extract,1\xe2\x80\x89\xc2\xbd cups all-purpose flour,\xc2\xbd teaspoon baking soda,\xc2\xbd teaspoon salt,1 very ripe banana mashed,1 teaspoon lemon juice,\xc2\xbd cup chopped walnuts,2 tablespoons butter melted,1 teaspoon vanilla extract,2 cups confectioners\' sugar,\xc2\xbd ripe banana,\xc2\xbd teaspoon salt,\xc2\xbc teaspoon lemon juice
https://www.allrecipes.com/recipe/17433/banana-flips/,1 (18.25 ounce) package yellow cake mix,1 (3.5 ounce) package instant banana pudding mix,4 eggs,1\xe2\x80\x89\xc2\xbd cups milk,1\xe2\x80\x89\xc2\xbd cups white sugar,\xc2\xbc cup all-purpose flour,\xc2\xbe cup butter,\xc2\xbe cup shortening,\xc2\xbe cup milk,1\xe2\x80\x89\xc2\xbd teaspoons banana extract
https://www.allrecipes.com/recipe/279573/banana-pineapple-bread/,3 cups all-purpose flour,2 cups white sugar,2 cups mashed bananas,1 cup vegetable oil,\xc2\xbd cup unsweetened applesauce,1 (8 ounce) can crushed pineapple,3 large eggs,1 teaspoon ground cinnamon,1 teaspoon baking soda,1 teaspoon salt
https://www.allrecipes.com/recipe/24055/sinful-banana-pudding/,2 (3.4 ounce) packages instant vanilla pudding mix,2 cups whole milk,1 (14 ounce) can sweetened condensed milk,1 tablespoon lemon juice,\xc2\xbd cup amaretto liqueur,1 teaspoon vanilla extract,2 (8 ounce) containers frozen whipped topping thawed,5 bananas sliced,8 ounces vanilla wafer cookies
https://www.allrecipes.com/recipe/23810/grandmas-banana-bread/,3 cups sugar,1 cup margarine softened,1 teaspoon vanilla extract,4 eggs,3\xe2\x80\x89\xc2\xbd cups all-purpose flour,2 teaspoons baking soda,\xc2\xbc teaspoon salt,1 cup buttermilk,6 very ripe bananas mashed
https://www.allrecipes.com/recipe/42719/banana-muffins-ii/,1\xe2\x80\x89\xc2\xbd cups all-purpose flour,1 teaspoon baking powder,1 teaspoon baking soda,\xc2\xbd teaspoon salt,3 large bananas mashed,\xc2\xbe cup white sugar,1 egg,\xe2\x85\x93 cup butter melted
https://www.allrecipes.com/recipe/146767/hot-banana-salsa/,1 large firm banana peeled and diced,\xc2\xbd cup red bell pepper seeded and diced,\xc2\xbd cup green bell pepper seeded and diced,\xc2\xbd cup yellow bell pepper seeded and diced,3 tablespoons chopped fresh cilantro,2 green onions chopped,2 tablespoons fresh lime juice,1 tablespoon brown sugar,2 teaspoons minced fresh ginger root,2 teaspoons olive oil,1 teaspoon minced habanero pepper,salt to taste
https://www.allrecipes.com/recipe/20144/banana-banana-bread/,2 cups all-purpose flour,1 teaspoon baking soda,\xc2\xbc teaspoon salt,\xc2\xbd cup butter,\xc2\xbe cup brown sugar,2 eggs beaten,2\xe2\x80\x89\xe2\x85\x93 cups mashed overripe bananas
https://www.allrecipes.com/recipe/246231/baked-banana-fritters/,\xe2\x85\x93 cup dry bread crumbs,2 tablespoons dry shredded coconut,1 teaspoon white sugar,\xc2\xbc teaspoon ground cinnamon,1 egg white,2 bananas cut into bite-size pieces
https://www.allrecipes.com/recipe/256894/banana-supreme-shake/,1 (8 ounce) container Classic French Vanilla Flavor Ready-to-Drink CARNATION BREAKFAST ESSENTIALS\xc2\xae Complete Nutritional Drink,1 banana,1 tablespoon instant coffee crystals,4 ice cubes
https://www.allrecipes.com/recipe/21398/banana-pudding-iv/,1 (8 ounce) package cream cheese at room temperature,1 (14 ounce) can sweetened condensed milk,1 (5 ounce) package instant vanilla pudding mix,3 cups cold skim milk,1 teaspoon vanilla extract,1 (8 ounce) container frozen whipped topping thawed,4 bananas sliced,\xc2\xbd (12 ounce) package vanilla wafers
https://www.allrecipes.com/recipe/20739/banana-loaf/,\xc2\xbd cup butter,1 cup white sugar,2 eggs,3 ripe bananas mashed,2 cups all-purpose flour,1 teaspoon baking soda,1 teaspoon baking powder,\xc2\xbd teaspoon salt,\xc2\xbd cup chopped walnuts
https://www.allrecipes.com/recipe/274703/pumpkin-banana-applesauce-bread/,4\xe2\x80\x89\xc2\xbd cups whole wheat flour,1 cup white sugar,1\xe2\x80\x89\xc2\xbd teaspoons baking powder,1\xe2\x80\x89\xc2\xbd teaspoons baking soda,1\xe2\x80\x89\xc2\xbd teaspoons salt,1\xe2\x80\x89\xc2\xbd teaspoons ground cinnamon,1\xe2\x80\x89\xc2\xbd teaspoons ground nutmeg,1\xe2\x80\x89\xc2\xbd teaspoons ground cloves,3 cups pumpkin puree,1\xe2\x80\x89\xc2\xbd cups unsweetened applesauce,3 eggs,2 medium bananas mashed
https://www.allrecipes.com/recipe/274529/high-protein-banana-bread/,1  serving nonstick cooking spray,1\xe2\x80\x89\xc2\xbc cups oat flour,\xc2\xbd cup white sugar,\xc2\xbd cup chopped walnuts,2 scoops chocolate protein powder (such as Premier Protein\xc2\xae),3 teaspoons ground cinnamon,1\xe2\x80\x89\xc2\xbd teaspoons baking powder,\xc2\xbd teaspoon baking soda,3 overripe bananas mashed,\xc2\xbd cup unsweetened applesauce,\xc2\xbc cup milk,2 large egg whites,3 teaspoons pure vanilla extract
https://www.allrecipes.com/recipe/219967/chef-johns-banana-bread/,cooking spray,2 cups all-purpose flour,1 teaspoon salt,1 teaspoon baking powder,1 teaspoon baking soda,\xc2\xbd cup butter softened,3 ripe bananas mashed,1 cup white sugar,2 large eggs,\xc2\xbc teaspoon vanilla extract,1 tablespoon milk,1 cup chopped walnuts,\xe2\x85\x93 cup semisweet chocolate chips
https://www.allrecipes.com/recipe/218721/bates-banana-bread/,1\xe2\x80\x89\xc2\xbc cups brown sugar,\xc2\xbd cup butter softened,2 eggs,5 very ripe bananas mashed,2 teaspoons lemon juice,\xc2\xbd cup milk,2 teaspoons vanilla extract,2\xe2\x80\x89\xc2\xbd cups all-purpose flour,1 teaspoon baking soda,1 teaspoon salt,1 teaspoon ground cinnamon,\xc2\xbd cup white sugar,\xe2\x85\x93 cup all-purpose flour,\xc2\xbc cup unsalted butter cubed,1\xe2\x80\x89\xc2\xbd teaspoons ground cinnamon
https://www.allrecipes.com/recipe/246261/fried-banana-balls/,2 cups all-purpose flour,1 tablespoon baking powder,\xc2\xbd teaspoon salt,4 very ripe bananas,\xc2\xbe cup white sugar,1 tablespoon vanilla extract,1\xe2\x80\x89\xc2\xbd teaspoons ground cinnamon,oil for frying,1 tablespoon confectioners\' sugar
https://www.allrecipes.com/recipe/215163/strawberry-orange-banana-smoothie/,\xc2\xbe cup orange juice,1 cup fresh strawberries,1 ripe banana,ice cubes
https://www.allrecipes.com/recipe/278339/amish-apple-dumplings/,cooking spray,6 medium baking apples peeled and cored,2 cups all-purpose flour,2\xe2\x80\x89\xc2\xbd teaspoons baking powder,\xc2\xbd teaspoon salt,\xe2\x85\x94 cup shortening,\xc2\xbd cup milk,3 cups brown sugar divided,1 teaspoon ground cinnamon,2 cups water,\xc2\xbc cup butter,\xc2\xbc teaspoon ground nutmeg
https://www.allrecipes.com/recipe/232434/apple-blackberry-pie/,\xc2\xbc cup butter,1 tablespoon all-purpose flour,\xc2\xbc cup water,\xc2\xbd cup white sugar,\xc2\xbd cup brown sugar,1 teaspoon lemon juice,1 (6 ounce) container blackberries halved - divided,1 recipe pastry for a 9-inch double-crust pie,4 large Granny Smith apple - peeled cored and sliced
https://www.allrecipes.com/recipe/7904/apple-muffins/,2 cups all-purpose flour,\xc2\xbd cup white sugar,3 teaspoons baking powder,\xc2\xbd teaspoon salt,\xc2\xbe cup apple juice,\xe2\x85\x93 cup vegetable oil,1 egg,1 teaspoon ground cinnamon,1 cup apples - peeled cored and finely diced
https://www.allrecipes.com/recipe/16268/apple-pie/,\xc2\xbe cup white sugar,2 tablespoons all-purpose flour,\xc2\xbd teaspoon ground cinnamon,\xc2\xbc teaspoon ground nutmeg,\xc2\xbd teaspoon lemon zest,7 cups thinly sliced apples,2 teaspoons lemon juice,1 tablespoon butter,1 recipe pastry for a 9 inch double crust pie,4 tablespoons milk
https://www.allrecipes.com/recipe/234069/apple-almond-pie/,1 (15 ounce) package pastry for a double crust 9-inch pie divided,6 cups peeled and sliced apples,\xc2\xbd cup crushed almonds,1\xe2\x80\x89\xc2\xbc cups white sugar,\xc2\xbd cup brown sugar,2 tablespoons all-purpose flour,2 tablespoons honey,1 large egg yolk,\xc2\xbd teaspoon water,\xc2\xbc teaspoon almond extract,1 teaspoon ground cinnamon or to taste
https://www.allrecipes.com/recipe/13822/apple-butter-iii/,1 pound dried unsulfured apples,\xc2\xbd gallon sugar-free organic apple juice,\xc2\xbc teaspoon ground cloves,2 teaspoons ground allspice,4 teaspoons ground cinnamon
https://www.allrecipes.com/recipe/219165/chef-johns-easy-apple-pie/,6 tablespoons unsalted butter,\xc2\xbc cup white sugar,\xc2\xbd cup brown sugar,1 pinch salt,\xc2\xbc teaspoon ground cinnamon,\xc2\xbc cup water,1 (15 ounce) package double crust ready-to-use pie crust (such as Pillsbury\xc2\xae),4 large red apples cored and thinly sliced
https://www.allrecipes.com/recipe/54628/easy-swedish-apple-pie/,1\xe2\x80\x89\xc2\xbd pounds Granny Smith apples - peeled cored and sliced,1 tablespoon sugar,1 cup sugar,1 cup flour,1 teaspoon cinnamon,\xc2\xbe cup melted butter,1 egg
https://www.allrecipes.com/recipe/233558/caramel-apple-box-trifle/,1 (18.25 ounce) package spice cake mix,3 (21 ounce) cans apple pie filling,3 eggs,3 tablespoons vegetable oil,5 cups milk,\xc2\xbd cup heavy cream,1 (3.5 ounce) package instant French vanilla pudding mix,2 (3.4 ounce) packages instant butterscotch pudding mix,1 teaspoon cinnamon,\xe2\x85\x9b teaspoon nutmeg,2\xe2\x80\x89\xc2\xbc cups caramel ice cream topping divided,1 cup finely chopped pecans toasted divided,2 (8 ounce) containers frozen whipped topping thawed
https://www.allrecipes.com/recipe/15765/german-apple-cake-ii/,2 eggs,1 cup vegetable oil,2 cups white sugar,2 cups all-purpose flour,1 teaspoon baking soda,2 teaspoons ground cinnamon,1 teaspoon salt,1 teaspoon vanilla extract,4 cups apples - peeled cored and diced,\xc2\xbd cup chopped walnuts,2 (3 ounce) packages cream cheese,3 tablespoons butter softened,1\xe2\x80\x89\xc2\xbd cups confectioners\' sugar,1 teaspoon vanilla extract
https://www.allrecipes.com/recipe/59124/apple-turnovers/,2 tablespoons lemon juice,4 cups water,4 Granny Smith apples - peeled cored and sliced,2 tablespoons butter,1 cup brown sugar,1 teaspoon ground cinnamon,1 tablespoon cornstarch,1 tablespoon water,1 (17.25 ounce) package frozen puff pastry sheets thawed,1 cup confectioners\' sugar,1 tablespoon milk,1 teaspoon vanilla extract
https://www.allrecipes.com/recipe/213569/grandmas-iron-skillet-apple-pie/,\xc2\xbd cup butter,1 cup brown sugar,5 Granny Smith apples -- peeled cored quartered and thinly sliced,3 (9 inch) refrigerated prerolled pie crusts,1 cup white sugar divided,2 teaspoons ground cinnamon divided,\xc2\xbc cup white sugar,1 tablespoon butter cut into small chunks
https://www.allrecipes.com/recipe/228667/peanut-butter-apple-dip/,1 cup peanut butter,1 cup brown sugar,1 (8 ounce) package cream cheese softened,\xc2\xbc cup milk
https://www.allrecipes.com/recipe/217087/caramel-apple-crisp/,\xc2\xbd cup caramel topping,\xc2\xbd teaspoon ground cinnamon,6 large baking apples peeled and cut into 1/2-inch slices,\xe2\x85\x94 cup all-purpose flour,\xc2\xbd cup packed brown sugar,\xc2\xbd cup cold butter cut into small pieces,\xe2\x85\x94 cup quick cooking oats
https://www.allrecipes.com/recipe/275912/apple-cider-crisp/,8 baking apples peeled and sliced,\xc2\xbe cup apple cider,\xc2\xbd tablespoon lemon juice,\xc2\xbe cup white sugar,\xc2\xbe cup brown sugar,\xc2\xbe cup graham cracker crumbs,\xc2\xbd cup all-purpose flour,15 individually wrapped caramels unwrapped,1 cup brown sugar,1 cup quick oats,\xc2\xbd cup all-purpose flour,1 teaspoon ground cinnamon,\xc2\xbd teaspoon ground nutmeg,\xc2\xbc teaspoon pumpkin pie spice,\xc2\xbd cup butter cubed
https://www.allrecipes.com/recipe/237278/apple-and-bacon-grilled-cheese/,2 slices cracked wheat bread,2 thin slices  aged Cheddar cheese,2 slices Honeycrisp apple or more to taste,2 cooked bacon strips
https://www.allrecipes.com/recipe/19969/swedish-apple-pie/,2\xe2\x80\x89\xc2\xbd cups peeled cored and sliced apples,1 teaspoon ground cinnamon,1 teaspoon white sugar,1 cup white sugar,\xc2\xbe cup margarine melted,\xc2\xbd cup chopped pecans,1 cup all-purpose flour,1 egg lightly beaten,1 pinch salt
https://www.allrecipes.com/recipe/149646/streusel-apple-pie-topping/,\xc2\xbd cup all-purpose flour,\xc2\xbc cup brown sugar,\xc2\xbc cup cold butter cubed,\xc2\xbc cup chopped walnuts,\xc2\xbc cup chopped dried apples
https://www.allrecipes.com/recipe/211772/homemade-apple-cider/,10 apples quartered,\xc2\xbe cup white sugar,1 tablespoon ground cinnamon,1 tablespoon ground allspice
https://www.allrecipes.com/recipe/15902/sundays-apple-pie/,1 recipe pastry for a 9 inch double crust pie,6 tart apples - peeled cored and sliced,\xc2\xbd cup white sugar,2 teaspoons ground cinnamon,2 tablespoons all-purpose flour,3 tablespoons butter divided
https://www.allrecipes.com/recipe/273684/walnut-cream-roll/,4 egg whites,1 teaspoon vanilla extract,\xc2\xbd teaspoon salt,\xc2\xbd cup white sugar,4 egg yolks,\xc2\xbc cup sifted enriched flour,\xc2\xbd cup chopped walnuts,1 tablespoon sifted confectioners\' sugar or as needed,1 cup cold heavy cream,1 tablespoon white sugar or to taste,1 tablespoon walnut halves or as needed
https://www.allrecipes.com/recipe/256072/banana-walnut-smoothie/,2 bananas,1 cup frozen pineapple chunks,2 tablespoons cashew butter,2 tablespoons chopped walnuts,2 cups water or as needed
https://www.allrecipes.com/recipe/10081/carrot-walnut-cookies/,\xc2\xbd cup butter,1\xe2\x80\x89\xc2\xbc cups packed brown sugar,2 (4 ounce) jars carrot baby food,1 egg,1 tablespoon orange zest,\xc2\xbd cup orange juice,1 teaspoon baking soda,1 teaspoon ground cinnamon,\xc2\xbd teaspoon salt,2\xe2\x80\x89\xc2\xbc cups all-purpose flour,\xc2\xbd cup chopped walnuts
https://www.allrecipes.com/recipe/238199/walnut-pesto/,2 cups basil leaves,\xc2\xbd cup walnuts,\xc2\xbc cup olive oil,2 cloves garlic,1 tablespoon lemon juice
https://www.allrecipes.com/recipe/29884/pumpkin-walnut-cake/,1 (15 ounce) can canned pumpkin puree,1 (12 fluid ounce) can evaporated milk,4 eggs,1 cup white sugar,1 teaspoon ground cinnamon,\xc2\xbd teaspoon ground nutmeg,\xc2\xbd teaspoon ground allspice,\xc2\xbd teaspoon salt,1 (18.25 ounce) package yellow cake mix,2 cups chopped walnuts,\xe2\x85\x9e cup margarine softened
https://www.allrecipes.com/recipe/266520/easy-walnut-basil-pesto/,\xc2\xbc cup walnuts,\xc2\xbc cup extra-virgin olive oil,1 tablespoon lemon juice,3 cloves garlic minced,2 cups packed fresh basil,\xc2\xbc cup grated Parmesan cheese
https://www.allrecipes.com/recipe/89368/southwestern-corn-and-walnut-dip/,2 (8 ounce) packages cream cheese softened,\xc2\xbc cup vegetable oil,\xc2\xbc cup lime juice,1 tablespoon ground red chile pepper,1 tablespoon ground cumin,\xc2\xbd teaspoon salt,1 (15 ounce) can corn drained,1 cup chopped walnuts,\xc2\xbc cup minced onion
https://www.allrecipes.com/recipe/242432/honey-walnut-cream-cheese/,10 walnut halves,1 (8 ounce) package cream cheese (such as Philadelphia\xc2\xae) softened,\xc2\xbc cup orange blossom honey
https://www.allrecipes.com/recipe/23339/walnut-pie-ii/,\xc2\xbd cup butter,1 cup white sugar,3 egg yolks,1 teaspoon vanilla extract,\xc2\xbc cup all-purpose flour,1 cup evaporated milk,1 cup chopped walnuts,1 (9 inch) pie shell baked
https://www.allrecipes.com/recipe/59599/apple-walnut-stuffed-pork-roast/,5 tablespoons butter,1 apple - peeled cored and chopped,1 small onion chopped,1 celery stalk diced,\xc2\xbd cup chopped walnuts,1 cup unsweetened applesauce,1\xe2\x80\x89\xc2\xbd cups water,5 cups coarse dry breadcrumbs,\xc2\xbd teaspoon ground cinnamon,\xc2\xbd teaspoon kosher salt,\xc2\xbc teaspoon ground cloves,\xc2\xbc teaspoon ground nutmeg,\xc2\xbc teaspoon ground ginger,Kosher salt and fresh ground pepper to taste,1 (3 pound) boneless rolled pork loin roast
https://www.allrecipes.com/recipe/239599/orange-walnut-muffins/,1 cup all-purpose flour,1\xe2\x80\x89\xc2\xbc cups whole wheat flour,\xc2\xbc cup ground flaxseed,1 teaspoon baking soda,\xc2\xbd teaspoon salt,1 cup orange juice,2 egg whites,\xe2\x85\x93 cup almond milk,3 tablespoons brown sugar,2 tablespoons honey,\xc2\xbd cup chopped walnuts
https://www.allrecipes.com/recipe/240246/easy-endive-cranberry-walnut-appetizers/,3 heads   endive - washed dried and separated into individual leaves,\xe2\x85\x93 cup crumbled blue cheese,\xe2\x85\x93 cup sweetened dried cranberries (such as Craisins\xc2\xae),\xe2\x85\x93 cup glazed walnuts,2 tablespoons balsamic vinegar or to taste
https://www.allrecipes.com/recipe/12560/walnut-pie-i/,\xc2\xbe cup white sugar,\xc2\xbc cup all-purpose flour,\xc2\xbc teaspoon salt,\xc2\xbd cup milk,3 eggs,1\xe2\x80\x89\xc2\xbc cups dark corn syrup,6 tablespoons butter,\xc2\xbe teaspoon vanilla extract,1 cup walnuts,1 (9 inch) pie shell
https://www.allrecipes.com/recipe/25365/walnut-cinnamon-swirl/,1 cup milk room temperature,1 egg beaten,2 tablespoons butter softened,1\xe2\x80\x89\xc2\xbd teaspoons salt,3 tablespoons white sugar,3 cups bread flour,2 teaspoons bread machine yeast,3 tablespoons butter melted,\xe2\x85\x94 cup brown sugar,\xc2\xbe teaspoon ground cinnamon,1 cup chopped walnuts,1 cup raisins,1 egg beaten,1 tablespoon water,\xc2\xbd cup chopped walnuts
https://www.allrecipes.com/recipe/11609/magic-walnut-cookies/,2 egg whites,1 cup white sugar,1\xe2\x80\x89\xc2\xbd cups ground walnuts,1 cup semisweet chocolate chips
https://www.allrecipes.com/recipe/268384/harvest-walnut-pumpkin-pie/,1 (15 ounce) can plain pumpkin puree,1 (14 ounce) can sweetened condensed milk,2 eggs,1 teaspoon maple-flavored extract,\xc2\xbd teaspoon ground cinnamon,\xc2\xbd teaspoon salt,\xc2\xbc teaspoon ground ginger,\xc2\xbc teaspoon ground nutmeg,1 (9 inch) prepared graham cracker crust,\xe2\x85\x93 cup packed brown sugar,\xe2\x85\x93 cup all-purpose flour,\xc2\xbd teaspoon ground cinnamon,3 tablespoons butter cubed,\xc2\xbd cup chopped walnuts
https://www.allrecipes.com/recipe/218489/turkish-walnut-soup/,1 cup shelled walnuts,1 tablespoon olive oil,3 shallots chopped,3 cloves garlic chopped,2 oranges zested and juiced,1 pinch ground cinnamon,4 cups vegetable stock,\xc2\xbd cup plain yogurt,salt and ground black pepper to taste,\xc2\xbc cup chopped cilantro
https://www.allrecipes.com/recipe/80643/black-walnut-ice-cream/,\xc2\xbd cup superfine sugar,2 cups light cream,1 cup half-and-half cream,\xc2\xbd teaspoon black walnut extract,\xc2\xbd cup chopped black walnuts
https://www.allrecipes.com/recipe/236477/walnut-coconut-butter/,1 cup walnuts,\xc2\xbd cup unsweetened coconut,1 teaspoon coconut sugar,\xc2\xbd teaspoon ground cinnamon
https://www.allrecipes.com/recipe/17886/st-andre-walnut-cake/,1\xe2\x80\x89\xc2\xbd cups finely ground walnuts,\xc2\xbd cup chopped walnuts,4 eggs,1\xe2\x80\x89\xc2\xbd cups white sugar,1 teaspoon vanilla extract,1 teaspoon raspberry sauce,\xc2\xbd cup all-purpose flour,1 cup apricot preserves,2 tablespoons brandy,1 pint heavy whipping cream,\xc2\xbe cup confectioners\' sugar
https://www.allrecipes.com/recipe/194766/kraft-nutter-butter-frozen-peanut-butter-pie/,24 NUTTER BUTTER Peanut Butter Sandwich Cookies crushed,5 tablespoons butter melted,1 (8 ounce) package PHILADELPHIA Cream Cheese softened,1 cup creamy peanut butter,\xc2\xbe cup sugar,1 tablespoon vanilla,1 (8 ounce) tub COOL WHIP Whipped Topping thawed divided
https://www.allrecipes.com/recipe/246275/fresh-butter/,1 pint heavy cream,\xc2\xbc teaspoon kosher or sea salt
https://www.allrecipes.com/recipe/47681/gorgonzola-butter/,4 ounces Gorgonzola cheese,4 tablespoons unsalted butter
https://www.allrecipes.com/recipe/237751/raspberry-butter/,\xc2\xbd cup unsalted butter at room temperature,\xc2\xbc cup raspberry preserves,\xc2\xbc cup fresh raspberries,1 tablespoon confectioners\' sugar
https://www.allrecipes.com/recipe/80770/maple-butter/,1 cup butter softened,\xc2\xbd cup brown sugar,\xc2\xbc cup maple syrup,1 tablespoon pumpkin pie spice
https://www.allrecipes.com/recipe/238985/quick-almond-butter-cookies/,1\xe2\x80\x89\xe2\x85\x93 cups brown sugar,2 eggs,1 cup almond butter,1 cup all-purpose flour,\xc2\xbd cup chocolate chips,1 teaspoon baking soda
https://www.allrecipes.com/recipe/244953/butter-dips/,2 teaspoons white sugar or to taste,1 teaspoon ground cinnamon or to taste,1 (8 count) can refrigerated biscuit dough separated and halved,\xc2\xbc cup butter melted or as needed
https://www.allrecipes.com/recipe/14663/sun-dried-tomato-butter/,1 cup unsalted butter,4 tablespoons chopped fresh parsley,1 teaspoon minced garlic,1 ounce sun-dried tomatoes chopped,salt and pepper to taste
https://www.allrecipes.com/recipe/270704/homemade-cookie-butter/,1 (8.8 ounce) package speculoos cookies (such as Lotus Biscoff\xc2\xae),\xc2\xbc cup butter melted,\xc2\xbc cup oil,\xc2\xbc cup brown sugar,\xc2\xbc cup white sugar,2 teaspoons honey,1 teaspoon vanilla extract,\xc2\xbc teaspoon salt,\xc2\xbc cup water
https://www.allrecipes.com/recipe/241232/cashew-butter/,3 cups unsalted cashews (such as Stock & Barrel\xc2\xae) divided,\xe2\x85\x93 cup vegetable oil or more as needed,1 teaspoon sea salt
https://www.allrecipes.com/recipe/16047/peanut-butter-temptations-ii/,\xc2\xbd cup butter,\xc2\xbd cup white sugar,\xc2\xbd cup packed brown sugar,\xc2\xbd cup peanut butter,1 egg,\xc2\xbd teaspoon vanilla extract,1\xe2\x80\x89\xc2\xbc cups all-purpose flour,\xc2\xbe teaspoon baking soda,\xc2\xbd teaspoon salt,36 miniature chocolate covered peanut butter cups unwrapped
https://www.allrecipes.com/recipe/24523/homemade-honey-butter/,\xc2\xbd cup butter softened,\xc2\xbd cup honey
https://www.allrecipes.com/recipe/19690/lemon-butter/,\xc2\xbc cup white sugar,1 tablespoon cornstarch,\xc2\xbc teaspoon grated lemon zest,\xc2\xbd cup water,1 tablespoon lemon juice,2 teaspoons butter
https://www.allrecipes.com/recipe/216895/drawn-butter/,1 pound unsalted butter
https://www.allrecipes.com/recipe/269263/cookie-butter-brioche-star/,3\xe2\x80\x89\xe2\x85\x93 cups bread flour,\xe2\x85\x93 cup white sugar,2 teaspoons active dry yeast,1 pinch salt,\xc2\xbe cup milk warmed,2 eggs separated,2 tablespoons unsalted butter melted,1 teaspoon vegetable oil or as needed,1 cup cookie butter (such as Biscoff\xc2\xae) divided
https://www.allrecipes.com/recipe/9999/peanut-butter-bars-i/,1 cup butter or margarine melted,2 cups graham cracker crumbs,2 cups confectioners\' sugar,1 cup peanut butter,1\xe2\x80\x89\xc2\xbd cups semisweet chocolate chips,4 tablespoons peanut butter
https://www.allrecipes.com/recipe/239114/chocolate-butter-tarts/,12 (3 inch) unbaked tart shells,4 (1 ounce) squares unsweetened baking chocolate (such as Baker\'s\xc2\xae) divided,\xc2\xbe cup lightly packed brown sugar,\xc2\xbc cup corn syrup,1 egg,2 tablespoons butter softened,1 teaspoon white vinegar,1 teaspoon vanilla extract,1 pinch salt
https://www.allrecipes.com/recipe/104938/basil-butter/,4 cloves garlic,15 leaves fresh basil,\xc2\xbd teaspoon freshly ground black pepper,1 cup butter
https://www.allrecipes.com/recipe/25101/macaroons-con-peanut-butter/,\xc2\xbd cup white sugar,.563 cup light corn syrup,1\xe2\x80\x89\xc2\xbc cups peanut butter,2\xe2\x80\x89\xe2\x85\x93 cups cornflakes cereal,\xc2\xbc cup sesame seeds
https://www.allrecipes.com/recipe/268019/peanut-butter-dip/,1 (8 ounce) package reduced-fat cream cheese,1 cup peanut butter,1 cup brown sugar,\xc2\xbc cup skim milk
https://www.allrecipes.com/recipe/240547/homemade-almond-milk/,1 cup raw almonds,water to cover,3 cups water,1 tablespoon agave nectar or more to taste,1 pinch sea salt
https://www.allrecipes.com/recipe/47388/soybean-milk/,1\xe2\x80\x89\xc2\xbe cups dried soybeans,2 quarts water,1 pandan leaf,1 slice fresh ginger root,1 teaspoon vanilla extract,\xc2\xbd cup white sugar
https://www.allrecipes.com/recipe/238416/almond-milk-from-oster/,1 cup whole blanched or natural almonds,3 cups water,1 tablespoon honey,2 pinches Few pinches kosher salt
https://www.allrecipes.com/recipe/245583/goats-milk-fudge/,1 (10 ounce) bag vegan chocolate chips (such as Enjoy Life\xc2\xae),\xc2\xbd cup chopped walnuts,\xc2\xbc cup evaporated goat milk,2 tablespoons light corn syrup,\xc2\xbe teaspoon vanilla extract,1 pinch salt
https://www.allrecipes.com/recipe/22790/sweetened-condensed-milk/,\xc2\xbe cup boiling water,6 tablespoons butter,1 cup white sugar,2.66 cups nonfat dry milk powder
https://www.allrecipes.com/recipe/230604/milk-banana-smoothie/,1 cup milk,1\xe2\x80\x89\xc2\xbd bananas,5 (1 gram) packets low calorie granulated sugar substitute (such as Sweet \'n Low\xc2\xae)
https://www.allrecipes.com/recipe/17126/milk-bread/,1\xe2\x80\x89\xe2\x85\x9b cups milk,3 cups all-purpose flour,1 teaspoon salt,3 tablespoons white sugar,1\xe2\x80\x89\xc2\xbd teaspoons active dry yeast
https://www.allrecipes.com/recipe/256667/dairy-free-sweetened-condensed-milk/,1 (11 ounce) bottle So Delicious\xc2\xae Dairy Free Culinary Coconut Milk,1 cup powdered sugar,1 pinch salt,\xc2\xbc teaspoon vanilla extract
https://www.allrecipes.com/recipe/228447/coconut-milk-flan/,\xc2\xbe cup white sugar,\xc2\xbe cup whole milk,1 cup coconut milk,\xc2\xbd (12 fluid ounce) can evaporated milk,\xc2\xbd (14 ounce) can sweetened condensed milk,\xc2\xbd teaspoon vanilla extract,3 eggs
https://www.allrecipes.com/recipe/255355/banana-milk-coffee/,1 cup milk,1 very ripe banana,1 tablespoon simple syrup,ice cubes,1 cup cold brew coffee
https://www.allrecipes.com/recipe/245438/homemade-flax-seed-milk/,\xc2\xbd cup flax seeds,4\xe2\x80\x89\xc2\xbd cups water
https://www.allrecipes.com/recipe/277980/hokkaido-milk-bread/,\xc2\xbd cup milk,4 teaspoons bread flour,\xc2\xbd cup milk,1 egg beaten,\xc2\xbd teaspoon salt,2\xe2\x80\x89\xc2\xbd cups bread flour,2 teaspoons instant yeast,2 tablespoons superfine sugar or more to taste,\xc2\xbc cup butter softened
https://www.allrecipes.com/recipe/264230/iced-almond-milk-nutella-latte/,2 shots brewed espresso,\xc2\xbd tablespoon chocolate-hazelnut spread (such as Nutella\xc2\xae),\xc2\xbd cup skim milk,\xc2\xbc cup almond milk creamer,ice cubes
https://www.allrecipes.com/recipe/155827/milk-chocolate-peppermint-bark/,2 (12 ounce) packages milk chocolate chips,2 (12 ounce) packages white chocolate chips,2 teaspoons peppermint extract,8 peppermint candy canes crushed divided
https://www.allrecipes.com/recipe/10341/malted-milk-chip-cookies/,1 cup butter,\xc2\xbe cup packed brown sugar,\xc2\xbe cup white sugar,2 eggs,2\xe2\x80\x89\xc2\xbc cups all-purpose flour,1 teaspoon baking soda,\xc2\xbd teaspoon salt,2\xe2\x80\x89\xc2\xbc cups chopped chocolate covered malted milk balls
https://www.allrecipes.com/recipe/246726/milk-chocolate-cheesecake/,1 package Duncan Hines\xc2\xae Moist Deluxe\xc2\xae Fudge Marble Cake Mix,2 (8 ounce) packages cream cheese,8 ounces milk chocolate melted,3 large eggs,\xe2\x85\x94 cup whipping cream,\xc2\xbc cup butter or margarine melted,whipping cream,fresh strawberries
https://www.allrecipes.com/recipe/16286/sweetened-condensed-milk-from-scratch/,1 cup instant powdered milk,\xe2\x85\x94 cup white sugar,\xe2\x85\x93 cup boiling water,3 tablespoons melted butter
https://www.allrecipes.com/recipe/232831/macadamia-nut-milk/,3 cups water,\xe2\x85\x93 cup macadamia nuts,4 dried apricots,\xc2\xbd teaspoon vanilla powder
https://www.allrecipes.com/recipe/238343/coconut-milk/,1 cup unsweetened coconut flakes,2 cups water
https://www.allrecipes.com/recipe/245826/vegan-sweetened-condensed-milk/,1 (13.5 ounce) can coconut milk,\xe2\x85\x93 cup white sugar,1 teaspoon vanilla extract
